Company Name,Contact Name,Category,Target Region,Email,Phone,Website,Recommended Sponsorship Tier,Pitch Angle
"Tridel Corporation","Sales & Marketing Division","Pre-Con Developer","Toronto Core, Etobicoke, North York","ask@tridel.com","416-661-9290","https://www.tridel.com","Pre-Con Builder Spotlight ($1,500–$3,000/mo)","Featured spotlight across Bloor West, Kipling Hub, and Downtown Toronto micro-market pages."
"The Daniels Corporation","Corporate Marketing & Sales","Pre-Con Developer","Toronto Downtown East, Mississauga City Centre","info@danielshomes.ca","416-598-2129","https://danielshomes.ca","Pre-Con Builder Spotlight ($1,500–$3,000/mo)","Highlight master-planned community launches across Mississauga City Centre and Regent Park/East Harbour."
"Menkes Developments","Marketing & Acquisitions Division","Pre-Con Developer","Toronto Core, Waterfront, Vaughan Metropolitan Centre","info@menkes.com","416-491-2222","https://www.menkes.com","Pre-Con Builder Spotlight ($1,500–$3,000/mo)","Sponsor Sugar Wharf Waterfront & VMC transit hub development spotlight cards."
"Mattamy Homes Canada","GTA Sales Operations","Pre-Con Developer","Oakville, Milton, Markham, Brampton","gtasales@mattamycorp.com","905-829-7600","https://mattamyhomes.com","Pre-Con Builder Spotlight ($1,500–$3,000/mo)","Capture suburban family movers exploring Oakville, Markham, and Halton master-planned neighborhoods."
"CentreCourt Developments","Development & Sales Office","Pre-Con Developer","Toronto Downtown, Transit Corridors, Pickering","info@centrecourt.com","416-596-0300","https://centrecourt.com","Pre-Con Builder Spotlight ($1,500–$3,000/mo)","Showcase transit-oriented condo launches along Ontario Line subway and Pickering Town Centre."
"Graywood Developments","Sales & Infill Development","Pre-Con Developer","The Junction, Dupont West, Downtown Toronto","info@graywoodgroup.com","416-597-1955","https://www.graywoodgroup.com","Pre-Con Builder Spotlight ($1,500–$3,000/mo)","Promote boutique west-end infill projects in The Junction and Dupont West articles."
"Pinnacle International","Marketing & Sales","Pre-Con Developer","Toronto Waterfront, Mississauga Hurontario","info@pinnacleinternational.ca","416-596-9964","https://www.pinnacleinternational.ca","Pre-Con Builder Spotlight ($1,500–$3,000/mo)","Feature Pinnacle One Yonge waterfront towers and Pinnacle Grand Park in Peel."
"Pemberton Group","Client Relations & Sales","Pre-Con Developer","Yonge & Eglinton, Yorkville, Mississauga","info@pembertongroup.com","905-326-4100","https://pembertongroup.com","Pre-Con Builder Spotlight ($1,500–$3,000/mo)","Feature midtown high-rises around Yonge-Eglinton Crosstown transit interchange."
"Great Gulf","Residential Sales","Pre-Con Developer","Toronto Core, Oakville, Richmond Hill","info@greatgulf.com","416-449-1340","https://www.greatgulf.com","Pre-Con Builder Spotlight ($1,500–$3,000/mo)","Target luxury homebuyers looking at Oakville waterfront and King West master builds."
"TAS Impact Developments","Development Team","Pre-Con Developer","The Junction, West Toronto Railpath","info@tasimpact.ca","416-510-8181","https://tasimpact.ca","Pre-Con Builder Spotlight ($1,500–$3,000/mo)","Sponsor eco-conscious, design-forward loft developments in Junction & Dupont West."
"Plaza Corp (Plazacorp)","Condo Sales Division","Pre-Con Developer","Liberty Village, Yorkville, North York","info@plazacorp.com","416-862-2665","https://pureplaza.com","Pre-Con Builder Spotlight ($1,500–$3,000/mo)","Target young professionals researching King West & Liberty Village condo suites."
"Empire Communities","Suburban Community Sales","Pre-Con Developer","Brampton, Vaughan, Halton","info@empirecommunities.com","905-307-8102","https://www.empirecommunities.com","Pre-Con Builder Spotlight ($1,500–$3,000/mo)","Promote entry-level townhomes and detached subdivisions across Peel & York regions."
"Curated Properties","Sales & Infill Division","Pre-Con Developer","The Annex, Dupont West, Queen West","info@curatedproperties.com","416-901-4400","https://curatedproperties.com","Pre-Con Builder Spotlight ($1,500–$3,000/mo)","Boutique design-forward infill townhouse & loft launches."
"Altree Developments","Urban Development Office","Pre-Con Developer","High Park, Scarborough Bluffs, Midtown","info@altreedevelopments.com","416-646-6080","https://altreedevelopments.com","Pre-Con Builder Spotlight ($1,500–$3,000/mo)","Highlight master-planned boutique residences near High Park and lakefront parks."
"Fieldgate Homes","Community Sales Team","Pre-Con Developer","Markham, Unionville, Pickering, Whitby","sales@fieldgatehomes.com","416-227-9005","https://fieldgatehomes.com","Pre-Con Builder Spotlight ($1,500–$3,000/mo)","Promote premier suburban family subdivisions across York and Durham regions."
"Tribute Communities","GTA Development Division","Pre-Con Developer","Pickering, Ajax, Oakville, Downtown Toronto","info@mytribute.ca","905-839-8121","https://mytribute.ca","Pre-Con Builder Spotlight ($1,500–$3,000/mo)","Feature Pickering City Centre master plan and Oakville luxury townhome launches."
"Lanterra Developments","Corporate Marketing","Pre-Con Developer","Downtown Toronto Core, Bay Street Corridor, North York","info@lanterradevelopments.com","416-635-7171","https://lanterradevelopments.com","Pre-Con Builder Spotlight ($1,500–$3,000/mo)","Sponsor luxury high-rise condominium portfolios in Toronto's financial and university core."
"Aspen Ridge Homes","Sales & Customer Care","Pre-Con Developer","Markham, Vaughan, Richmond Hill, Oakville","info@aspenridgehomes.com","905-881-7138","https://www.aspenridgehomes.com","Pre-Con Builder Spotlight ($1,500–$3,000/mo)","Promote premier low-rise and master-planned community developments across York & Halton."
"Greenpark Group","Corporate Office","Pre-Con Developer","Vaughan, Markham, Oakville, Milton, Brampton","info@greenparkgroup.ca","905-851-0005","https://www.greenparkgroup.ca","Pre-Con Builder Spotlight ($1,500–$3,000/mo)","High-volume exposure for comprehensive low-rise and high-rise GTA developments."
"Canderel Residential","Marketing & Acquisitions","Pre-Con Developer","Toronto Downtown, St. Lawrence, Midtown","info@canderelresidential.com","416-593-6366","https://canderelresidential.com","Pre-Con Builder Spotlight ($1,500–$3,000/mo)","Feature signature architectural towers in Toronto's historic and financial districts."
"Lifetime Developments","Sales & Strategic Partnerships","Pre-Con Developer","King West, Liberty Village, Queen West","info@lifetimedevelopments.com","416-987-5000","https://lifetimedevelopments.com","Pre-Con Builder Spotlight ($1,500–$3,000/mo)","Target trendy lifestyle and hospitality-infused condo searchers in downtown west."
"Paul Johnston Unique Urban Homes (Right at Home)","Paul Johnston","Realtor / Brokerage","Leslieville, The Junction, Toronto Lofts","paul@uniqueurbanhomes.com","416-465-7850","https://www.uniqueurbanhomes.com","Exclusive Area Sponsor ($750–$1,500/mo)","Exclusive brand placement on Leslieville and Junction architectural loft pages."
"Alex Irish & Associates (Sotheby's International)","Alex Irish","Realtor / Brokerage","Downtown Oakville, Kerr Village, Old Oakville","airish@sothebysrealty.ca","905-845-0024","https://www.alexirish.com","Exclusive Area Sponsor ($750–$1,500/mo)","Dominant luxury sponsorship for the #1 rated Oakville & Halton waterfront profiles."
"The Invidiata Team (eXp Realty)","Christopher Invidiata","Realtor / Brokerage","Oakville, Burlington, Mississauga Waterfront","info@invidiata.com","905-338-2121","https://www.invidiata.com","Exclusive Area Sponsor ($750–$1,500/mo)","Position as premier luxury waterfront specialist on Port Credit & Oakville pages."
"The Good Manors Real Estate Group","Armani & Team","Realtor / Brokerage","The Junction, High Park, Bloor West Village","info@thegoodmanors.com","416-762-8255","https://www.thegoodmanors.com","Exclusive Area Sponsor ($750–$1,500/mo)","Featured neighborhood specialist badge on The Junction & Roncesvalles matches."
"Michael Camber & Associates (Royal LePage)","Michael Camber","Realtor / Brokerage","Liberty Village, King West, CityPlace","info@michaelcamber.com","416-520-0779","https://michaelcamber.com","Exclusive Area Sponsor ($750–$1,500/mo)","Top realtor placement on King West & Liberty Village condo search traffic."
"Heaps Estrin Real Estate Team (Royal LePage)","Cailey Heaps","Realtor / Brokerage","Rosedale, Moore Park, Lawrence Park, Midtown","cailey@heapsestrin.com","416-424-4910","https://heapsestrin.com","Exclusive Area Sponsor ($750–$1,500/mo)","Exclusive high-net-worth sponsor for Midtown, Lawrence Park & Leaside."
"The Lionetti Group (Chestnut Park)","Matt Lionetti","Realtor / Brokerage","The Beaches, Upper Beaches, Leslieville","matt@mattlionetti.com","416-508-3907","https://mattlionetti.com","Exclusive Area Sponsor ($750–$1,500/mo)","Exclusive verified advisor banner across East Toronto & The Beaches pages."
"DeClute Real Estate (Union Realty)","Rochelle DeClute","Realtor / Brokerage","The Beaches, Scarborough Bluffs, Birch Cliff","info@declute.com","416-686-9618","https://declute.com","Exclusive Area Sponsor ($750–$1,500/mo)","High-visibility sponsor for East Toronto lakefront & Beaches listings."
"Martin MacFarlane Real Estate (Sage)","Martin MacFarlane","Realtor / Brokerage","Leslieville, South Riverdale, Riverside","martin@martinmacfarlane.ca","416-462-1888","https://martinmacfarlane.ca","Exclusive Area Sponsor ($750–$1,500/mo)","Lead generation placement on Queen East & South Riverdale family searchers."
"The Peterson Team (Keller Williams)","Peterson Team","Realtor / Brokerage","Port Credit, Clarkson, Lorne Park, Mississauga","info@petersonteam.ca","905-278-3500","https://petersonteam.ca","Exclusive Area Sponsor ($750–$1,500/mo)","Top advisor card on Port Credit Waterfront and Streetsville village profiles."
"Andrew Ipekian Real Estate Group (Keller Williams)","Andrew Ipekian","Realtor / Brokerage","Downtown Toronto, King West, Yorkville","info@ipekian.ca","416-572-1016","https://ipekian.ca","Exclusive Area Sponsor ($750–$1,500/mo)","Premium placement for luxury downtown buyers and urban investors."
"Benczik Kavanagh Real Estate Team (Century 21)","Benczik Kavanagh Team","Realtor / Brokerage","Unionville, Markham Centre, Stouffville","info@benczik.com","905-477-7766","https://benczik.com","Exclusive Area Sponsor ($750–$1,500/mo)","Exclusive sponsor for #1 rated York Region micro-market (Unionville & Markham Centre)."
"Sam McDadi Real Estate Inc. Brokerage","Sam McDadi","Realtor / Brokerage","Mississauga, Oakville, Brampton, GTA West","info@mcdadi.com","905-502-1500","https://mcdadi.com","Exclusive Area Sponsor ($750–$1,500/mo)","Dominant GTA West regional sponsorship across Mississauga & Peel searchers."
"Barry Cohen Homes (RE/MAX Realtron)","Barry Cohen","Realtor / Brokerage","North York, Bridle Path, Bayview Village","info@barrycohenhomes.com","416-223-1818","https://barrycohenhomes.com","Exclusive Area Sponsor ($750–$1,500/mo)","Luxury estate sponsor badge for North York Centre and high-net-worth enclaves."
"Steven Kim & Associates (Century 21 Atria)","Steven Kim","Realtor / Brokerage","Richmond Hill, Markham, North York","steven@stevenkim.ca","416-879-1111","https://stevenkim.ca","Exclusive Area Sponsor ($750–$1,500/mo)","Top advisor card for family buyers moving to York Region top school districts."
"Frank Leo & Associates (RE/MAX West)","Frank Leo","Realtor / Brokerage","Etobicoke, Vaughan, Toronto West","frank@frankleo.com","416-917-5466","https://frankleo.com","Exclusive Area Sponsor ($750–$1,500/mo)","High-volume buyer & seller lead routing for Etobicoke Centre & Six Points."
"The Gardner Group (Chestnut Park)","Kirsten Gardner","Realtor / Brokerage","The Junction, Bloor West, High Park","kgardner@chestnutpark.com","416-123-4567","https://chestnutpark.com","Exclusive Area Sponsor ($750–$1,500/mo)","West-end family infill and historic home advisor badge."
"David Oey Real Estate (Right at Home)","David Oey","Realtor / Brokerage","Leslieville, Cabbagetown, Riverside","david@davidoey.com","416-465-7850","https://davidoey.com","Exclusive Area Sponsor ($750–$1,500/mo)","East-side Victorian and heritage architecture specialist banner."
"Brad J. Lamb Realty Inc.","Brad J. Lamb","Realtor / Brokerage","King West, Queen West, Downtown Lofts","info@torontoconds.com","416-368-5262","https://www.torontoconds.com","Exclusive Area Sponsor ($750–$1,500/mo)","Iconic downtown condo and loft marketing authority sponsorship."
"Property.ca Inc. Brokerage (Condos.ca)","Mark McLean","Realtor / Brokerage","Greater Toronto Area Condo Corridors","info@property.ca","416-583-1660","https://property.ca","Exclusive Area Sponsor ($750–$1,500/mo)","High-volume condo searcher traffic integration and lead routing."
"Forest Hill Real Estate Yorkville","Ron Bilenckis","Realtor / Brokerage","Yorkville, Forest Hill, The Annex","info@foresthillyorkville.com","416-975-5588","https://foresthillyorkville.com","Exclusive Area Sponsor ($750–$1,500/mo)","Exclusive luxury advisor card on Yorkville and Annex heritage pages."
"Harvey Kalles Real Estate Ltd.","Michael Kalles","Realtor / Brokerage","Toronto Central, Lawrence Park, Bridle Path","info@harveykalles.com","416-441-2888","https://harveykalles.com","Exclusive Area Sponsor ($750–$1,500/mo)","High-net-worth real estate brokerage authority banner across central Toronto."
"Sage Real Estate Ltd. Brokerage","Evan Sage","Realtor / Brokerage","Midtown, Downtown, East End","info@sagerealestate.ca","416-483-8000","https://sagerealestate.ca","Exclusive Area Sponsor ($750–$1,500/mo)","Design-centric boutique brokerage sponsorship for urban professionals."
"Royal LePage Real Estate Services Burlington","Burlington Team","Realtor / Brokerage","Burlington Downtown, Aldershot, Halton","burlington@royallepage.ca","905-634-7755","https://www.royallepage.ca","Exclusive Area Sponsor ($750–$1,500/mo)","Sponsor Burlington waterfront and GO commuter micro-market guides."
"RE/MAX Hallmark Realty Group","Ken McLachlan","Realtor / Brokerage","Danforth, Riverdale, East York, Scarborough","info@hallmarkrealty.ca","416-462-1888","https://remaxhallmark.com","Exclusive Area Sponsor ($750–$1,500/mo)","East-side dominant brokerage partner for Danforth & Greektown profiles."
"Chestnut Park Real Estate Brokerage","Chris Kapches","Realtor / Brokerage","Toronto Luxury, Oakville, Collingwood","info@chestnutpark.com","416-925-9141","https://www.chestnutpark.com","Exclusive Area Sponsor ($750–$1,500/mo)","Christie's International Real Estate affiliate luxury sponsor."
"Ratehub.ca / CanWise Financial","Corporate Partnerships","Mortgage Broker","Greater Toronto Area (All Municipalities)","info@ratehub.ca","1-800-679-0145","https://www.ratehub.ca","Market Report Sponsor ($350–$600/post)","Sponsored mortgage calculator and benchmark rate widget on Neighborhood Details pages."
"Nesto Mortgage","Partnership Team","Mortgage Broker","GTA Digital First-Time Buyers","support@nesto.ca","1-866-969-9599","https://www.nesto.ca","Market Report Sponsor ($350–$600/post)","Promote pre-approval rates for young professionals completing the Vibe Quiz."
"Streetwise Mortgages","Dalia Barsoum","Mortgage Broker","GTA Real Estate Investors & Landlords","info@streetwisemortgages.com","1-800-208-6255","https://streetwisemortgages.com","Market Report Sponsor ($350–$600/post)","Feature inside Data Teardown and Cap Rate analysis articles (Condos vs Townhomes)."
"Butler Mortgage Inc.","Ron Butler","Mortgage Broker","Toronto, Peel, York, Halton","info@butlermortgage.ca","1-800-474-7283","https://butlermortgage.ca","Market Report Sponsor ($350–$600/post)","Lowest rate guarantee banner across high-traffic suburban family guides."
"MonsterMortgage.ca","Vince Gaetano","Mortgage Broker","Toronto Core, Etobicoke, Mississauga","info@monstermortgage.ca","416-480-0234","https://monstermortgage.ca","Market Report Sponsor ($350–$600/post)","Exclusive mortgage partner box on Toronto West & Downtown search results."
"Pineapple Financial Inc.","Shubha Dasgupta","Mortgage Broker","Greater Toronto Area","info@gopineapple.com","1-888-927-4632","https://gopineapple.com","Market Report Sponsor ($350–$600/post)","Modern digital mortgage integration for tech-savvy home searchers."
"DLC Forest City / GTA Capital","Dominion Lending Centres GTA","Mortgage Broker","Markham, Richmond Hill, Vaughan","info@dominionlending.ca","1-888-806-8080","https://dominionlending.ca","Market Report Sponsor ($350–$600/post)","Target family buyers searching Unionville, Markham, and York Region schools."
"Mortgage Alliance Canada","Mortgage Alliance GTA Hub","Mortgage Broker","Oakville, Burlington, Mississauga","info@mortgagealliance.com","1-877-366-3487","https://www.mortgagealliance.com","Market Report Sponsor ($350–$600/post)","Halton & Peel luxury mortgage pre-approval placement."
"True North Mortgage Toronto","Client Concierge","Mortgage Broker","Downtown Toronto Financial District","toronto@truenorthmortgage.ca","416-848-1858","https://truenorthmortgage.ca","Market Report Sponsor ($350–$600/post)","Discounted bank rates for downtown salary earners."
"Mortgage Intelligence GTA","Mortgage Intelligence Hub","Mortgage Broker","Brampton, Mississauga, Peel","info@mortgageintelligence.ca","905-896-8555","https://mortgageintelligence.ca","Market Report Sponsor ($350–$600/post)","Alternative and private lending options for self-employed and business owners."
"Northwood Mortgage Ltd.","Northwood Mortgage Team","Mortgage Broker","Markham, Richmond Hill, Vaughan","info@northwoodmortgage.com","416-444-6444","https://northwoodmortgage.com","Market Report Sponsor ($350–$600/post)","Commercial and residential construction mortgage sponsor."
"Centum Financial Services GTA","Chris Turcotte","Mortgage Broker","Durham Region, Pickering, Whitby, Oshawa","info@centum.ca","1-888-236-8861","https://www.centum.ca","Market Report Sponsor ($350–$600/post)","First-time home buyer mortgage specialist in East GTA."
"RealEstateLawyers.ca LLP","Mark Weisleder","Real Estate Lawyer","Greater Toronto Area (All Cities)","info@realestatelawyers.ca","1-888-876-5297","https://www.realestatelawyers.ca","Market Report Sponsor ($350–$600/post)","Closing cost calculator and flat-fee legal services banner across all 25 neighborhood guides."
"Aaron & Aaron Real Estate Lawyers","Bob Aaron","Real Estate Lawyer","Toronto Core, North York, Etobicoke","bob@aaron.ca","416-364-9366","https://www.aaron.ca","Market Report Sponsor ($350–$600/post)","High-authority real estate legal commentary sponsor on Toronto market teardowns."
"Kahane Law Office GTA","Jeffrey Kahane & Team","Real Estate Lawyer","Mississauga, Oakville, Toronto West","toronto@kahanelaw.com","416-900-3428","https://kahanelaw.com","Market Report Sponsor ($350–$600/post)","Residential purchase and title transfer legal sponsor for first-time buyers."
"Axess Law Professional Corporation","Axess Law Legal Team","Real Estate Lawyer","Toronto, Markham, Brampton, Mississauga","info@axesslaw.com","1-877-524-6080","https://www.axesslaw.com","Market Report Sponsor ($350–$600/post)","Accessible virtual legal closing sponsor for suburban home buyers."
"Deeth & Co. LLP","Deeth & Co. Real Estate Division","Real Estate Lawyer","Oakville, Burlington, Mississauga","info@deeth.com","905-845-6611","https://deeth.com","Market Report Sponsor ($350–$600/post)","Luxury residential closing legal sponsor for Old Oakville & Port Credit buyers."
"Levy Zavet Lawyers","Levy Zavet Law Team","Real Estate Lawyer","Toronto Downtown, Midtown, Yorkville","info@levyzavet.com","416-777-2244","https://levyzavet.com","Market Report Sponsor ($350–$600/post)","Commercial and pre-construction assignment legal review sponsor."
"Feld Kalia Professional Corporation (FK Real Estate Law)","David Feld","Real Estate Lawyer","Toronto Downtown, Liberty Village, King West","info@fklegal.ca","416-203-6347","https://fklegal.ca","Market Report Sponsor ($350–$600/post)","High-volume condo closing legal sponsor for downtown urban professionals."
"Humphreys Real Estate Law","Humphreys & Co. Team","Real Estate Lawyer","The Beaches, Leslieville, East York","info@humphreyslaw.ca","416-698-1188","https://humphreyslaw.ca","Market Report Sponsor ($350–$600/post)","East Toronto residential closing advisor banner."
"Garfinkle Biderman LLP","Real Estate Practice Group","Real Estate Lawyer","Toronto Core, Bay Street Corridor","info@garfinkle.com","416-869-1234","https://garfinkle.com","Market Report Sponsor ($350–$600/post)","Commercial real estate and multi-family land acquisition legal sponsor."
"Oksana Romanov Law Office","Oksana Romanov","Real Estate Lawyer","The Junction, Etobicoke, Bloor West","info@romanovlaw.ca","416-769-2244","https://romanovlaw.ca","Market Report Sponsor ($350–$600/post)","West Toronto community closing lawyer."
"Red Barrinuevo (Redesign4More)","Red Barrinuevo","Home Staging & Design","Downtown Toronto, Yorkville, Forest Hill","info@redesign4more.com","416-838-8888","https://redesign4more.com","Market Report Sponsor ($350–$600/post)","Premier luxury staging sponsor for upscale listing presentations."
"The Home Stylist Toronto","Niki Panagiotopoulos","Home Staging & Design","Leslieville, The Beaches, Midtown","info@thehomestylist.ca","416-555-0199","https://thehomestylist.ca","Market Report Sponsor ($350–$600/post)","East Toronto home staging and interior upgrade partner."